issue_id,record_id,issue_type,field_name,actual_value,expected_condition,severity,issue_category
1,11,missing_required_value,district,NULL,district must not be NULL,MEDIUM,validation_error
2,26,completion_exceeds_enrollment,participants_completed,74,participants_completed <= participants_enrolled,HIGH,validation_error
3,41,dropout_exceeds_enrollment,participants_dropped,33,participants_dropped <= participants_enrolled,HIGH,validation_error
4,56,in_progress_exceeds_enrollment,participants_in_progress,50,participants_in_progress <= participants_enrolled,HIGH,validation_error
5,71,participant_components_exceed_enrollment,"participants_completed,participants_in_progress,participants_dropped",137,completed + in_progress + dropped <= enrolled,HIGH,validation_error
6,86,employment_outcomes_exceed_completed,employment_outcomes,87,employment_outcomes <= participants_completed,HIGH,validation_error
7,101,budget_spent_exceeds_allocated,budget_spent,207276,budget_spent <= budget_allocated,HIGH,validation_error
8,116,invalid_trainer_count,trainers_count,0,trainers_count must be greater than 0,MEDIUM,validation_error
9,131,unknown_training_center,training_center_id,CENTER_999,training_center_id must exist in training_centers,HIGH,validation_error
10,146,unknown_district,district,District ZZZ,district must exist in approved district list,HIGH,validation_error
11,161,district_center_mismatch,district,District I,district must match CENTER_10 reference district,HIGH,validation_error
12,176,invalid_submission_date,submission_date,2025-99-99,submission_date must be a valid calendar date,HIGH,validation_error
13,191,negative_participant_value,participants_dropped,-3,participant counts must be >= 0,HIGH,validation_error
14,206,negative_budget,budget_spent,-1000,budget values must be >= 0,HIGH,validation_error
15,221,late_submission,submission_date,2025-10-05 00:00:00,submission should normally occur within 10 days,MEDIUM,validation_error
16,251,duplicate_monitoring_record,record_id,251,record_id + reporting_month + training_center_id + program_type should be unique,HIGH,validation_error
17,301,participants_enrolled,participants_enrolled,450,Normally 50-150 for this center,HIGH,anomaly
18,351,budget_spent,budget_spent,480000,Normally below 250000,MEDIUM,anomaly
19,401,trainers_count,trainers_count,25,Normally 2-10 trainers,HIGH,anomaly
20,451,participants_enrolled,participants_enrolled,25,Normally 70-120,MEDIUM,anomaly
