training_center_id,district,center_name,center_type,capacity,active_status
CENTER_01,District A,District A Training Center 01,Community,60,True
CENTER_02,District B,District B Training Center 02,Government,100,True
CENTER_03,District C,District C Training Center 03,Government,80,True
CENTER_04,District D,District D Training Center 04,Government,60,True
CENTER_05,District E,District E Training Center 05,Community,150,True
CENTER_06,District F,District F Training Center 06,Government,150,True
CENTER_07,District G,District G Training Center 07,Partner,60,True
CENTER_08,District H,District H Training Center 08,Government,60,True
CENTER_09,District I,District I Training Center 09,Government,80,True
CENTER_10,District J,District J Training Center 10,Community,150,True
CENTER_11,District A,District A Training Center 11,Government,150,True
CENTER_12,District B,District B Training Center 12,Government,150,True
CENTER_13,District C,District C Training Center 13,Partner,80,True
CENTER_14,District D,District D Training Center 14,Partner,150,True
CENTER_15,District E,District E Training Center 15,Partner,60,True
CENTER_16,District F,District F Training Center 16,Government,120,True
CENTER_17,District G,District G Training Center 17,Partner,100,True
CENTER_18,District H,District H Training Center 18,Government,80,True
CENTER_19,District I,District I Training Center 19,Partner,60,True
CENTER_20,District J,District J Training Center 20,Government,120,True
CENTER_21,District A,District A Training Center 21,Government,100,True
CENTER_22,District B,District B Training Center 22,Partner,150,True
CENTER_23,District C,District C Training Center 23,Partner,60,True
CENTER_24,District D,District D Training Center 24,Community,120,True
CENTER_25,District E,District E Training Center 25,Community,60,True
CENTER_26,District F,District F Training Center 26,Partner,60,True
CENTER_27,District G,District G Training Center 27,Community,100,True
CENTER_28,District H,District H Training Center 28,Community,150,True
CENTER_29,District I,District I Training Center 29,Partner,150,True
CENTER_30,District J,District J Training Center 30,Government,60,True
